コース名,住所
広島カントリー倶楽部 oliveコース,広島県東広島市
広島カントリー倶楽部 begoniaコース,広島県東広島市
広島カントリー倶楽部 roseコース,広島県東広島市
廿日市カントリークラブ,広島県廿日市市
広島ゴルフ倶楽部,広島県広島市
東広島ゴルフクラブ,広島県東広島市
呉カントリークラブ,広島県呉市
三原ゴルフクラブ,広島県三原市
尾道カントリークラブ,広島県尾道市
福山カントリークラブ,広島県福山市
備後カントリークラブ,広島県福山市
庄原カントリークラブ,広島県庄原市
三次ゴルフクラブ,広島県三次市
広島空港カントリークラブ,広島県三原市
西条カントリークラブ,広島県東広島市
クレストヒルズゴルフクラブ,広島県広島市
広島若草カントリー倶楽部,広島県広島市
アルパインゴルフクラブ広島,広島県広島市
グリーンヒル瀬戸内,広島県東広島市
広島ベイゴルフクラブ,広島県江田島市
竹原カントリークラブ,広島県竹原市
大竹カントリークラブ,広島県大竹市
広島オリエンタルゴルフクラブ,広島県山県郡
総合グリーン広島カントリー倶楽部,広島県広島市
広島南グリーンCC,広島県広島市
広島CC 八本松コース,広島県東広島市
広島CC 梅原コース,広島県東広島市
広島CC 矢野コース,広島県広島市
広島レイクサイドCC,広島県山県郡
加計ゴルフクラブ,広島県山県郡
吉和カントリークラブ,広島県廿日市市
宮島カントリークラブ,広島県廿日市市
因島カントリークラブ,広島県尾道市
府中カントリークラブ,広島県府中市
広島ハーバーゴルフクラブ,広島県呉市
賀茂カントリークラブ,広島県東広島市
広島ゴルフ倶楽部 安佐コース,広島県広島市
比婆カントリークラブ,広島県庄原市
広島ゴルフパーク,広島県広島市
グランディ那須白河GC,広島県広島市
