コース名,住所,lat,lng,holes,par

広島ゴルフ倶楽部鈴が峰コース,広島県広島市佐伯区五日市町皆賀413,34.38409392135982,132.37451704417907,18,71,4,4,5,4,4,4,4,3,4,3,5,5,3,4,4,3,4,4

東広島ゴルフクラブ 南コース,広島県東広島市志和町志和東10671-29,34.48132584903143, 132.6607160454848,18,72,5,4,3,4,4,3,5,4,4,4,3,4,4,5,4,3,4,5,

東広島ゴルフクラブ 北コース,広島県東広島市志和町志和東10671-29,34.48132584903143, 132.6607160454848,18,72,4,5,3,4,5,4,4,3,4,5,4,4,3,4,4,5,3,4,

呉カントリークラブ,広島県呉市安浦町大字安登11163-2,34.26056834482326, 132.73850322883584,18,72,4,5,4,3,5,4,4,3,4,5,5,4,3,4,4,4,3,4

三原カンツリークラブ,広島県三原市沼田東町釜山10345-6,34.36524114284824, 133.00943359999997,18,72,5,4,3,4,4,4,4,3,5,4,5,3,4,5,3,4,4,4

尾道カントリークラブ 宇根山コース,広島県世羅郡世羅町大字小世良10691-15,34.55502663970271, 133.07887702713643,18,72,5,4,3,4,5,4,3,4,4,4,3,4,4,5,4,3,5,4

福山カントリークラブ,広島県福山市神辺町東中条498,34.58600510664256, 133.39217798650708,18,72,5,4,3,4,5,4,3,4,4,5,4,4,3,5,4,4,3,4

庄原カントリークラブ,広島県庄原市板橋町600,34.823153168988824, 133.01376708465716,18,72,4,4,3,5,4,3,4,4,5,4,5,4,3,5,4,4,3,4

広島カンツリー倶楽部 西条コース,広島県東広島市西条町下三永730-10,34.386714089685164, 132.7733164576714,18,72,5,5,3,4,4,4,4,3,4,5,4,4,3,4,4,3,4,5

広島カンツリー倶楽部 八本松コース,広島県東広島市八本松町原11083-1,34.40040554271201, 132.69301265935388,18,72,4,4,3,4,3,4,5,5,4,4,3,5,4,4,5,4,3,4


瀬戸内ゴルフリゾート,広島県竹原市吉名町831,34.30632837803552, 132.86436791164033,18,72,4,3,5,4,4,4,3,5,4,4,4,4,3,5,3,4,5,4

竹原カントリークラブ,広島県竹原市小梨町字堂平2022,34.38329309565446, 132.9202222711643,18,72,5,4,3,4,4,3,5,4,4,4,4,3,5,4,5,3,4,4

賀茂カントリークラブ,広島県東広島市高屋町高屋東4102,34.44364383817549, 132.81266611349292,18,72,5,4,3,5,4,4,4,3,4,5,4,3,4,5,4,3,4,4

広島紅葉カントリークラブ 丸子コース,広島県廿日市市友田220-3,34.32220708066874, 132.1850644711643,9,36,
4,4,4,3,5,4,4,3,5

広島紅葉カントリークラブ 三倉コース,広島県廿日市市友田220-3,34.32220708066874, 132.1850644711643,9,36,5,3,4,5,4,3,4,4,4

広島紅葉カントリークラブ 三ノ瀬コース,広島県廿日市市友田220-3,34.32220708066874, 132.1850644711643,9,36,4,5,4,5,3,4,3,4,4


白竜湖カントリークラブ,広島県三原市大和町和木3262,34.49219017642524, 132.9142808717075,18,72,5,3,4,4,4,4,3,5,4,5,4,5,3,4,4,4,3,4

広島国際ゴルフ倶楽部,広島県東広島市黒瀬町南方10199-70,34.32280712033421, 132.7058696962981,18,72,5,4,3,4,4,5,4,3,4,4,3,4,5,4,4,3,4,5

安芸カントリークラブ,広島県東広島市河内町入野11957-6,34.42307582588974, 132.8672270288357,18,72,4,4,3,4,4,5,3,4,5,5,4,4,4,3,5,3,4,4

太田川ゴルフ場 祇園コース,広島県広島市安佐南区東原1-22-11,34.44035621642237, 132.47825502644258,9,32,4,5,3,4,3,3,3,3,4

太田川ゴルフ場 戸坂コース,広島県広島市安佐南区東原1-22-11,34.44035621642237, 132.47825502644258,9,30,3,3,3,3,3,3,3,4,5

尾道うずしおカントリークラブ,広島県尾道市原田町梶山田1069,34.46850229417054, 133.20554652883573,18,72,5,4,3,4,4,4,3,5,4,5,4,4,3,4,5,4,3,4

尾道ゴルフ倶楽部,広島県三原市久井町吉田735-32,34.52404484962687, 133.0640444576714,18,72,5,3,4,4,4,5,4,4,3,4,3,4,5,4,4,4,3,5

カントリーパーク仙養,広島県神石郡神石高原町近田835,34.74201495363192, 133.3112604865071,18,66,4,4,4,3,4,3,5,3,3,5,3,4,3,4,4,3,4,3

京覧カントリークラブ 東コース,広島県三原市長谷町291,34.4117773408375, 133.03315330924977,9,36,4,3,5,4,3,4,4,5,4

京覧カントリークラブ 中コース,広島県三原市長谷町291,34.4117773408375, 133.03315330924977,9,36,5,4,3,4,4,5,3,4,4

京覧カントリークラブ 西コース,広島県三原市長谷町291,34.4117773408375, 133.03315330924977,9,36,4,4,4,5,3,4,4,3,5

久井カントリークラブ,広島県三原市久井町坂井原755,34.50234156257973, 133.0519336711643,18,72,4,5,3,4,4,4,3,4,5,4,3,4,4,5,3,4,4,5


グリーンバーズゴルフ倶楽部,広島県三原市大和町大草20905-37,34.51711388533775, 132.96566561349286,18,72,4,5,4,3,4,5,3,4,4,4,4,3,5,4,3,4,5,4

芸南カントリークラブ,広島県廿日市市玖島235,34.4067437956904, 132.28060462698573,18,72,4,5,4,4,3,4,3,4,5,4,5,3,4,4,4,4,3,5

郷原カントリークラブ,広島県呉市郷原町西横尾412,34.30967312077483, 132.619743,18,72,4,3,4,5,4,4,3,5,4,4,5,4,3,4,5,4,3,4

新市クラシックゴルフクラブ,広島県福山市新市町戸手3103-1,34.563105786893146, 133.28284585397148,18,72,4,5,3,4,3,4,5,4,4,4,5,4,3,4,4,4,3,5

鷹の巣ゴルフクラブ,広島県廿日市市河津原137-2,34.37011553001112, 132.2040589730142,18,72,4,4,3,4,5,4,5,3,4,4,4,5,3,4,4,3,4,5

千代田ゴルフ倶楽部,広島県山県郡北広島町寺原2851,34.696192130994945, 132.48330742112208,18,72,5,4,4,3,4,4,5,3,4,4,5,4,4,3,5,4,3,4

戸山カンツリークラブ,広島県広島市安佐南区沼田町阿戸字城山1568-1,34.34.49284801885823, 132.35558608650712,18,72,4,4,4,3,5,4,3,5,4,5,4,3,4,4,3,5,4,4

広島安佐ゴルフクラブ,広島県広島市安佐北区安佐町筒瀬1471-21,34.48875391139654, 132.4642299386287,18,72,4,4,5,3,5,4,3,4,4,5,3,4,4,4,3,4,5,4

広島西カントリー倶楽部,広島県廿日市市大野2392,34.31614874442181, 132.1744223865071,18,72,4,3,4,4,5,4,3,5,4,4,3,4,4,5,3,5,4,4

福山ゴルフ倶楽部,広島県福山市御幸町中津原1225-1,34.52699754445625, 133.36117365582146,18,72,5,4,4,3,3,5,4,3,5,5,4,4,3,3,5,4,3,5

福山東ゴルフクラブ,広島県福山市春日町宇山137,34.52757163642492, 133.3979250991147,18,72,4,4,3,5,4,3,4,5,4,4,5,4,4,3,5,3,4,4

本郷カントリー倶楽部,広島県三原市本郷町南方松屋根1251-1,34.3867006279245, 132.9490090865071,18,72,5,4,3,4,4,5,4,3,4,4,3,4,5,4,4,4,3,5

松永カントリークラブ,広島県福山市神村町1388,34.47734159836619, 133.2608118423286,18,72,4,4,4,3,4,5,3,4,5,4,3,4,4,4,5,4,5,3

宮島カンツリー倶楽部,広島県広島市佐伯区三宅町1050,34.37680391667378, 132.3379914576714,18,70,4,4,3,5,4,4,4,3,4,4,4,3,5,4,4,4,3,4

宮島志和カンツリー倶楽部,広島県東広島市志和町大字七条椛坂488-2,34.46697010438298, 132.64715907301428,18,72,4,5,4,4,3,4,4,3,5,5,4,3,4,4,3,4,5,4

八千代カントリークラブ リバーコース,広島県安芸高田市八千代町佐々井979-1,34.6306810345992, 132.60179880424306,9,36,4,3,4,3,5,4,4,5,4

八千代カントリークラブ ルートコース,広島県安芸高田市八千代町佐々井979-1,34.6306810345992, 132.60179880424306,9,36,4,4,4,3,5,5,3,4,4

八千代カントリークラブ レイクコース,広島県安芸高田市八千代町佐々井979-1,34.6306810345992, 132.60179880424306,9,36,4,5,3,5,3,4,4,4,4

リージャスクレストゴルフクラブグランド,広島県安芸高田市高宮町房後856,34.74481798310975, 132.7305217353453,18,72,5,4,4,3,5,4,3,4,4,5,4,3,4,4,4,3,4,5

リージャスクレストゴルフクラブロイヤル,広島県安芸高田市高宮町房後816,34.747716719795505, 132.74379359353048,18,72,4,5,4,3,4,4,5,3,4,4,5,4,3,4,4,3,4,5

